id,number,roomId
1,1,1
2,2,1
3,3,1
4,4,1
5,1,2
6,2,2
7,3,2
8,4,2
9,1,3
10,2,3
11,3,3
12,4,3
13,1,4
14,2,4
15,3,4
16,4,4
17,1,5
18,2,5
19,3,5
20,4,5
21,1,6
22,2,6
23,3,6
24,4,6
25,1,7
26,2,7
27,3,7
28,4,7
29,1,8
30,2,8
31,3,8
32,4,8
33,1,9
34,2,9
35,3,9
36,4,9
37,1,10
38,2,10
39,3,10
40,4,10
41,1,11
42,2,11
43,3,11
44,4,11
45,1,12
46,2,12
47,3,12
48,4,12
49,1,13
50,2,13
51,3,13
52,4,13
53,1,14
54,2,14
55,3,14
56,4,14
57,1,15
58,2,15
59,3,15
60,4,15
61,1,16
62,2,16
63,3,16
64,4,16
65,1,17
66,2,17
67,3,17
68,4,17
69,1,18
70,2,18
71,3,18
72,4,18
73,1,19
74,2,19
75,3,19
76,4,19
77,1,20
78,2,20
79,3,20
80,4,20
81,1,21
82,2,21
83,3,21
84,4,21
85,1,22
86,2,22
87,3,22
88,4,22
89,1,23
90,2,23
91,3,23
92,4,23
93,1,24
94,2,24
95,3,24
96,4,24
97,1,25
98,2,25
99,3,25
100,4,25
101,1,26
102,2,26
103,3,26
104,4,26
105,1,27
106,2,27
107,3,27
108,4,27
109,1,28
110,2,28
111,3,28
112,4,28
113,1,29
114,2,29
115,3,29
116,4,29
117,1,30
118,2,30
119,3,30
120,4,30
121,1,31
122,2,31
123,3,31
124,4,31
125,1,32
126,2,32
127,3,32
128,4,32
129,1,33
130,2,33
131,3,33
132,4,33
133,1,34
134,2,34
135,3,34
136,4,34
137,1,35
138,2,35
139,3,35
140,4,35
141,1,36
142,2,36
143,3,36
144,4,36
145,1,37
146,2,37
147,3,37
148,4,37
149,1,38
150,2,38
151,3,38
152,4,38
153,1,39
154,2,39
155,3,39
156,4,39
157,1,40
158,2,40
159,3,40
160,4,40
161,1,41
162,2,41
163,3,41
164,4,41
165,1,42
166,2,42
167,3,42
168,4,42
169,1,43
170,2,43
171,3,43
172,4,43
173,1,44
174,2,44
175,3,44
176,4,44
177,1,45
178,2,45
179,3,45
180,4,45
181,1,46
182,2,46
183,3,46
184,4,46
185,1,47
186,2,47
187,3,47
188,4,47
189,1,48
190,2,48
191,3,48
192,4,48
193,1,49
194,2,49
195,3,49
196,4,49
